title,category,legacy_label,path,pages,source,input_sha256,revised_sha256,operation,changed_pdf_pages
Selected Exhibits — Foundations,Exhibits,Book 1,Exhibits/Selected_Exhibits_Foundations.pdf,18,Grounded_DI_Selected_Exhibits_Book_v1_0.pdf,256867944573f90c9001bc9254b73d360273b2a6101b079dfbdce064d293d3c4,5b94a585a73d4f3d3952bda4412cc944bbe4a78d11d9541e5d4628fc6afa7034,Cover replaced; title metadata reconciled,1
Selected Exhibits — Systems and Applications,Exhibits,Book 2 / Part II; fixed edition,Exhibits/Selected_Exhibits_Systems_and_Applications.pdf,18,Grounded_DI_Selected_Exhibits_Book_Part_2_v1_0_fixed.pdf,164477f653395d063916c7126952878508d25e700961956df58dd5ee385019b1,ae26ef26c6031f5d57ea5a0d34affb3b09634fea44148820d8502f318b4181c7,Cover replaced; editorial navigation corrected; title metadata reconciled,1;2;3;4;5;6;7;8;9;10;11;12;13;14;15;16;17;18
Public Record — Chronology,Public_Record,Book 3,Public_Record/Public_Record_Chronology.pdf,18,Grounded_DI_Public_Record_Book_3_v1_0.pdf,abce928d71ee9b2768b95824459d8d303da2e61fde11de40ce0696111c7439c5,ee8ff1dc7b634fb65b51e3292e22f4894456357d0b51cd31338ed84a5a6ab9c4,Cover replaced; editorial navigation corrected; title metadata reconciled,1;2;3;4;5;6;7;8;9;10;11;12;13;14;15;16;17;18
The Evidence Arc,Public_Record,Book 6,Public_Record/The_Evidence_Arc.pdf,23,01-Grounded_DI_Compiled_Record_Books_1_7_Review_2026_08.pdf,8e9d2c1a5726f6e32a728399230166d47f6e4c091dd352d11f659072ffb23538,5d56aa5240a62afda8637a1a4cedb93fbaa16db1213fa07c9cb968fc7e1881fb,Cover replaced; editorial navigation corrected; title metadata reconciled,1;2;3;4;5;6;7;8;9;10;11;12;13;14;15;16;17;18;19;20;21;22;23
The Control Plane,Public_Record,Book 7,Public_Record/The_Control_Plane.pdf,23,01-Grounded_DI_Compiled_Record_Books_1_7_Review_2026_08.pdf,a2bcc9ea3b27fef2104e25fc3dfbca7689b1c0bbc3735a205db7d89042781999,1a19b1c0cccb3be8d8e66dc31d3bb6d7906f696bb6aa0063c4daed08777db7ed,Cover replaced; editorial navigation corrected; title metadata reconciled,1;2;3;4;5;6;7;8;9;10;11;12;13;14;15;16;17;18;19;20;21;22;23
Before Reality Resolved — DI Weather Station,Case_Studies,Unnumbered; Release Candidate 1,Case_Studies/Before_Reality_Resolved_Weather_RC1.pdf,55,01-Grounded_DI_Compiled_Record_Books_1_7_Review_2026_08.pdf,76e2fbfb5f5b44a0e5d57141687f7174c14b3f5fb9df3c1bbc1c2d7c888496f1,6b2f35e36d0184e1cd1ec7fe3bf5486c763e6507caa90d0aa1312eaa9f26a087,Original cover preserved; title metadata reconciled,
MathWise / Erdős — Mathematical Record,Case_Studies,Book 5,Case_Studies/MathWise_Erdos_Mathematical_Record.pdf,23,Book_5_MathWise_Erdos_Mathematical_Record_v1_0.pdf,86828bb3d53867332adc79fa07789a1f7496d4b3451e4740be88ec6d47c838f6,555d076487d8bbba61646cb952fadc40604b731fadf3cbd420c97b4ea069ad58,Cover replaced; editorial navigation corrected; title metadata reconciled,1;2;3;4;5;6;7;8;9;10;11;12;13;14;15;16;17;18;19;20;21;22;23
Law Firm Decision and Evidence,Legal,Unnumbered,Legal/Law_Firm_Decision_and_Evidence.pdf,59,Grounded_DI_Law_Firm_Decision_and_Evidence_Book.pdf,f88e10e09c878d85ca3cca24cd949689eeae790f0875d6e00cc98c2c6fc3b4ba,339df402e297733e78b8c4bec5c64434c7e66105c00ae85108c7754ac12758e7,Cover replaced; title metadata reconciled,1
BriefWise — Harvey Benchmark Audit,Legal,Unnumbered; new book,Legal/Harvey_Benchmark_Audit.pdf,23,Grounded_DI_Harvey_Benchmark_Audit_Evidence_Book.pdf,730b497738d2b1595c525e648d7ff3749028f917d4e86f267e99ac159a36dad7,52c324f1c261b7bcf1e1a20868ff7cb846f1cb31956baee592f532566edfc3b0,Original cover preserved; title metadata reconciled; first bookmark title updated,
